{
  "val": {
    "slice": {
      "accuracy": 0.5554426705370101,
      "auc": 0.6141595466951466,
      "sensitivity": 0.6213836477983513,
      "specificity": 0.5356603773583895
    },
    "subject": {
      "accuracy": 0.578125,
      "auc": 0.6938775510204082,
      "sensitivity": 0.7333333332844444,
      "specificity": 0.5306122448871304
    }
  },
  "test": {
    "slice": {
      "accuracy": 0.6745283018867925,
      "auc": 0.6696403600006515,
      "sensitivity": 0.48050314465378585,
      "specificity": 0.7315945246021583
    },
    "subject": {
      "accuracy": 0.7878787878787878,
      "auc": 0.7254901960784313,
      "sensitivity": 0.39999999997333335,
      "specificity": 0.9019607842960401
    }
  },
  "best_val_subject_auc": 0.7442176870748299
}