{
  "val": {
    "slice": {
      "accuracy": 0.6213352685050798,
      "auc": 0.6476266761599621,
      "sensitivity": 0.5169811320751465,
      "specificity": 0.652641509433839
    },
    "subject": {
      "accuracy": 0.671875,
      "auc": 0.7020408163265306,
      "sensitivity": 0.5333333332977778,
      "specificity": 0.7142857142711371
    }
  },
  "test": {
    "slice": {
      "accuracy": 0.6781017724413951,
      "auc": 0.6646222343215202,
      "sensitivity": 0.4679245283015925,
      "specificity": 0.7399186089528782
    },
    "subject": {
      "accuracy": 0.803030303030303,
      "auc": 0.803921568627451,
      "sensitivity": 0.46666666663555556,
      "specificity": 0.9019607842960401
    }
  },
  "best_val_subject_auc": 0.7564625850340136
}