{
  "val": {
    "slice": {
      "accuracy": 0.6329462989840349,
      "auc": 0.6389255369645188,
      "sensitivity": 0.4446540880500348,
      "specificity": 0.6894339622640208
    },
    "subject": {
      "accuracy": 0.65625,
      "auc": 0.6816326530612244,
      "sensitivity": 0.46666666663555556,
      "specificity": 0.7142857142711371
    }
  },
  "test": {
    "slice": {
      "accuracy": 0.7194110920526015,
      "auc": 0.6793449858880304,
      "sensitivity": 0.4301886792450125,
      "specificity": 0.8044765075840169
    },
    "subject": {
      "accuracy": 0.803030303030303,
      "auc": 0.742483660130719,
      "sensitivity": 0.39999999997333335,
      "specificity": 0.9215686274329105
    }
  },
  "best_val_subject_auc": 0.7809523809523808
}